Workbook

Sheet Title_Page
B3: Equity Portfolio Risk–Return and Risk-Adjusted Performance Analysis
B8: A Data Analytics & Finance Project
B12: Prepared by:
B13: Shivam Kumar
B15: Role / Focus:
B16: Aspiring Data Analyst | Finance & Analytics
B18: Tools Used:
B19: Microsoft Excel
B21: Concepts Applied:
B22: Risk–Return Analysis, Correlation & Covariance,
B23: Portfolio Construction, Sharpe Ratio
B25: Benchmark:
... B28: Date:
B29: 46040

Sheet Daily_Returns
A1: Date | B1: Nifty 50 | C1: Reliance | D1: HDFC Bank | E1: ITC | F1: TCS | G1: Infosys | H1: L&T
A2: 43831
A3: 43832 | B3: =(Master_Table!B3-Master_Table!B2)/Master_Table!B2 -> 0.0081838703 | C3: =(Master_Table!C3-Master_Table!C2)/Master_Table!C2 -> 0.01701482 | D3: =(Master_Table!D3-Master_Table!D2)/Master_Table!D2 -> 0.0063822113 | E3: =(Master_Table!E3-Master_Table!E2)/Master_Table!E2 -> 0.007349853 | F3: =(Master_Table!F3-Master_Table!F2)/Master_Table!F2 -> -0.0045903303 | G3: =(Master_Table!G3-Master_Table!G2)/Master_Table!G2 -> -0.0029178259 | H3: =(Master_Table!H3-Master_Table!H2)/Master_Table!H2 -> 0.026985763
A4: 43833 | B4: =(Master_Table!B4-Master_Table!B3)/Master_Table!B3 -> -0.0045228054 | C4: =(Master_Table!C4-Master_Table!C3)/Master_Table!C3 -> 0.0012167389 | D4: =(Master_Table!D4-Master_Table!D3)/Master_Table!D3 -> -0.014257222 | E4: =(Master_Table!E4-Master_Table!E3)/Master_Table!E3 -> -0.0056285178 | F4: =(Master_Table!F4-Master_Table!F3)/Master_Table!F3 -> 0.01992909 | G4: =(Master_Table!G4-Master_Table!G3)/Master_Table!G3 -> 0.015380427 | H4: =(Master_Table!H4-Master_Table!H3)/Master_Table!H3 -> -0.0076191184
A5: 43836 | B5: =(Master_Table!B5-Master_Table!B4)/Master_Table!B4 -> -0.019105806 | C5: =(Master_Table!C5-Master_Table!C4)/Master_Table!C4 -> -0.023191215 | D5: =(Master_Table!D5-Master_Table!D4)/Master_Table!D4 -> -0.021655628 | E5: =(Master_Table!E5-Master_Table!E4)/Master_Table!E4 -> -0.014255765 | F5: =(Master_Table!F5-Master_Table!F4)/Master_Table!F4 -> -9.0882239e-05 | G5: =(Master_Table!G5-Master_Table!G4)/Master_Table!G4 -> -0.0095844504 | H5: =(Master_Table!H5-Master_Table!H4)/Master_Table!H4 -> -0.013707352
A6: 43837 | B6: =(Master_Table!B6-Master_Table!B5)/Master_Table!B5 -> 0.0049945593 | C6: =(Master_Table!C6-Master_Table!C5)/Master_Table!C5 -> 0.015373678 | D6: =(Master_Table!D6-Master_Table!D5)/Master_Table!D5 -> 0.015849935 | E6: =(Master_Table!E6-Master_Table!E5)/Master_Table!E5 -> 0.0010633773 | F6: =(Master_Table!F6-Master_Table!F5)/Master_Table!F5 -> 0.0024540435 | G6: =(Master_Table!G6-Master_Table!G5)/Master_Table!G5 -> -0.014820329 | H6: =(Master_Table!H6-Master_Table!H5)/Master_Table!H5 -> 0.002847921
A7: 43838 | B7: =(Master_Table!B7-Master_Table!B6)/Master_Table!B6 -> -0.0022898958 | C7: =(Master_Table!C7-Master_Table!C6)/Master_Table!C6 -> -0.0075121069 | D7: =(Master_Table!D7-Master_Table!D6)/Master_Table!D6 -> -0.0026242962 | E7: =(Master_Table!E7-Master_Table!E6)/Master_Table!E6 -> -0.0048863395 | F7: =(Master_Table!F7-Master_Table!F6)/Master_Table!F6 -> 0.022394995 | G7: =(Master_Table!G7-Master_Table!G6)/Master_Table!G6 -> -0.013326006 | H7: =(Master_Table!H7-Master_Table!H6)/Master_Table!H6 -> -0.021923514
A8: 43839 | B8: =(Master_Table!B8-Master_Table!B7)/Master_Table!B7 -> 0.015845693 | C8: =(Master_Table!C8-Master_Table!C7)/Master_Table!C7 -> 0.023030232 | D8: =(Master_Table!D8-Master_Table!D7)/Master_Table!D7 -> 0.011210512 | E8: =(Master_Table!E8-Master_Table!E7)/Master_Table!E7 -> 0.0068317677 | F8: =(Master_Table!F8-Master_Table!F7)/Master_Table!F7 -> -0.018135462 | G8: =(Master_Table!G8-Master_Table!G7)/Master_Table!G7 -> 0.013018658 | H8: =(Master_Table!H8-Master_Table!H7)/Master_Table!H7 -> 0.019046882
A9: 43840 | B9: =(Master_Table!B9-Master_Table!B8)/Master_Table!B8 -> 0.0033480955 | C9: =(Master_Table!C9-Master_Table!C8)/Master_Table!C8 -> -0.00021549247 | D9: =(Master_Table!D9-Master_Table!D8)/Master_Table!D8 -> 0.0088942156 | E9: =(Master_Table!E9-Master_Table!E8)/Master_Table!E8 -> 0.0093299406 | F9: =(Master_Table!F9-Master_Table!F8)/Master_Table!F8 -> -0.00036127983 | G9: =(Master_Table!G9-Master_Table!G8)/Master_Table!G8 -> 0.014569445 | H9: =(Master_Table!H9-Master_Table!H8)/Master_Table!H8 -> 0.0064202409
A10: 43843 | B10: =(Master_Table!B10-Master_Table!B9)/Master_Table!B9 -> 0.0059354807 | C10: =(Master_Table!C10-Master_Table!C9)/Master_Table!C9 -> -0.0025577285 | D10: =(Master_Table!D10-Master_Table!D9)/Master_Table!D9 -> 0.0025634613 | E10: =(Master_Table!E10-Master_Table!E9)/Master_Table!E9 -> 0.0052521008 | F10: =(Master_Table!F10-Master_Table!F9)/Master_Table!F9 -> -0.010480902 | G10: =(Master_Table!G10-Master_Table!G9)/Master_Table!G9 -> 0.047957732 | H10: =(Master_Table!H10-Master_Table!H9)/Master_Table!H9 -> 0.0076249434
A11: 43844 | B11: =(Master_Table!B11-Master_Table!B10)/Master_Table!B10 -> 0.0026562202 | C11: =(Master_Table!C11-Master_Table!C10)/Master_Table!C10 -> -0.0092631276 | D11: =(Master_Table!D11-Master_Table!D10)/Master_Table!D10 -> 0.0027284066 | E11: =(Master_Table!E11-Master_Table!E10)/Master_Table!E10 -> 0.016718913 | F11: =(Master_Table!F11-Master_Table!F10)/Master_Table!F10 -> 0.0075558701 | G11: =(Master_Table!G11-Master_Table!G10)/Master_Table!G10 -> 0.0027147566 | H11: =(Master_Table!H11-Master_Table!H10)/Master_Table!H10 -> -0.0064433955
A12: 43845 | B12: =(Master_Table!B12-Master_Table!B11)/Master_Table!B11 -> -0.0015369308 | C12: =(Master_Table!C12-Master_Table!C11)/Master_Table!C11 -> -0.0036206596 | D12: =(Master_Table!D12-Master_Table!D11)/Master_Table!D11 -> -0.0040736998 | E12: =(Master_Table!E12-Master_Table!E11)/Master_Table!E11 -> -0.0034943474 | F12: =(Master_Table!F12-Master_Table!F11)/Master_Table!F11 -> 0.0090624858 | G12: =(Master_Table!G12-Master_Table!G11)/Master_Table!G11 -> -0.010442854 | H12: =(Master_Table!H12-Master_Table!H11)/Master_Table!H11 -> -0.0018852274
A13: 43846 | B13: =(Master_Table!B13-Master_Table!B12)/Master_Table!B12 -> 0.00098839046 | C13: =(Master_Table!C13-Master_Table!C12)/Master_Table!C12 -> 0.0092085869 | D13: =(Master_Table!D13-Master_Table!D12)/Master_Table!D12 -> 0.0026540521 | E13: =(Master_Table!E13-Master_Table!E12)/Master_Table!E12 -> -0.0068069307 | F13: =(Master_Table!F13-Master_Table!F12)/Master_Table!F12 -> 0.0053437514 | G13: =(Master_Table!G13-Master_Table!G12)/Master_Table!G12 -> -0.0007165657 | H13: =(Master_Table!H13-Master_Table!H12)/Master_Table!H12 -> -0.0032487156
A14: 43847 | B14: =(Master_Table!B14-Master_Table!B13)/Master_Table!B13 -> -0.00025494719 | C14: =(Master_Table!C14-Master_Table!C13)/Master_Table!C13 -> 0.028024409 | D14: =(Master_Table!D14-Master_Table!D13)/Master_Table!D13 -> -0.0073805335 | E14: =(Master_Table!E14-Master_Table!E13)/Master_Table!E13 -> -0.0033229491 | F14: =(Master_Table!F14-Master_Table!F13)/Master_Table!F13 -> -0.0087993568 | G14: =(Master_Table!G14-Master_Table!G13)/Master_Table!G13 -> 0.0011082138 | H14: =(Master_Table!H14-Master_Table!H13)/Master_Table!H13 -> -0.011445464
... A1492: 46022 | B1492: =(Master_Table!B1492-Master_Table!B1491)/Master_Table!B1491 -> 0.0073538341 | C1492: =(Master_Table!C1492-Master_Table!C1491)/Master_Table!C1491 -> 0.019872711 | D1492: =(Master_Table!D1492-Master_Table!D1491)/Master_Table!D1491 -> 0.00030275507 | E1492: =(Master_Table!E1492-Master_Table!E1491)/Master_Table!E1491 -> 0.0059910135 | F1492: =(Master_Table!F1492-Master_Table!F1491)/Master_Table!F1491 -> -0.01250462 | G1492: =(Master_Table!G1492-Master_Table!G1491)/Master_Table!G1491 -> -0.0038233843 | H1492: =(Master_Table!H1492-Master_Table!H1491)/Master_Table!H1491 -> 0.0077739388

Sheet Risk_Return
A1: Stock | B1: Avg Daily Return | C1: Annual Return | D1: Daily Risk | E1: Annual Risk
A2: =Master_Table!B1 -> Nifty 50 | B2: =AVERAGE(Daily_Returns!B3:B1492) -> 0.00057773481 | C2: =B2*252 -> 0.14558917 | D2: =_xlfn.STDEV.S(Daily_Returns!B3:B1492) -> 0.011383899 | E2: =D2*SQRT(252) -> 0.18071379
A3: =Master_Table!C1 -> Reliance | B3: =AVERAGE(Daily_Returns!C3:C1492) -> 0.00072065464 | C3: =B3*252 -> 0.18160497 | D3: =_xlfn.STDEV.S(Daily_Returns!C3:C1492) -> 0.017784532 | E3: =D3*SQRT(252) -> 0.28232069
A4: =Master_Table!D1 -> HDFC Bank | B4: =AVERAGE(Daily_Returns!D3:D1492) -> 0.00042731613 | C4: =B4*252 -> 0.10768366 | D4: =_xlfn.STDEV.S(Daily_Returns!D3:D1492) -> 0.016181548 | E4: =D4*SQRT(252) -> 0.25687412
A5: =Master_Table!E1 -> ITC | B5: =AVERAGE(Daily_Returns!E3:E1492) -> 0.00048182109 | C5: =B5*252 -> 0.12141891 | D5: =_xlfn.STDEV.S(Daily_Returns!E3:E1492) -> 0.016010088 | E5: =D5*SQRT(252) -> 0.25415227
A6: =Master_Table!F1 -> TCS | B6: =AVERAGE(Daily_Returns!F3:F1492) -> 0.0003747862 | C6: =B6*252 -> 0.094446123 | D6: =_xlfn.STDEV.S(Daily_Returns!F3:F1492) -> 0.014976313 | E6: =D6*SQRT(252) -> 0.2377416
A7: =Master_Table!G1 -> Infosys | B7: =AVERAGE(Daily_Returns!G3:G1492) -> 0.00067647725 | C7: =B7*252 -> 0.17047227 | D7: =_xlfn.STDEV.S(Daily_Returns!G3:G1492) -> 0.017305044 | E7: =D7*SQRT(252) -> 0.27470906
A8: =Master_Table!H1 -> L&T | B8: =AVERAGE(Daily_Returns!H3:H1492) -> 0.00091541487 | C8: =B8*252 -> 0.23068455 | D8: =_xlfn.STDEV.S(Daily_Returns!H3:H1492) -> 0.01737444 | E8: =D8*SQRT(252) -> 0.27581069
A11: Stocks such as L&T and Reliance generated higher annual returns, but this was
A12: accompanied by significantly higher volatility, indicating greater risk exposure.
A14: TCS exhibited comparatively lower volatility among individual stocks, though
A15: with lower returns, reflecting more stable performance. ITC delivered moderate
A16: returns with moderate risk, rather than being the lowest-risk stock.
A18: The NIFTY 50 showed lower volatility and moderate returns, serving as a
A19: balanced benchmark for comparing portfolio performance.

Sheet Correlation_Matrix
B1: =Master_Table!B1 -> Nifty 50 | C1: =Master_Table!C1 -> Reliance | D1: =Master_Table!D1 -> HDFC Bank | E1: =Master_Table!E1 -> ITC | F1: =Master_Table!F1 -> TCS | G1: =Master_Table!G1 -> Infosys | H1: =Master_Table!H1 -> L&T
A2: =B1 -> Nifty 50 | B2: =CORREL(Daily_Returns!B3:B1492,Daily_Returns!B3:B1492) -> 1 | C2: =CORREL(Daily_Returns!C3:C1492,Daily_Returns!B3:B1492) -> 0.71302387 | D2: =CORREL(Daily_Returns!D3:D1492,Daily_Returns!B3:B1492) -> 0.75515294 | E2: =CORREL(Daily_Returns!E3:E1492,Daily_Returns!B3:B1492) -> 0.47967323 | F2: =CORREL(Daily_Returns!F3:F1492,Daily_Returns!B3:B1492) -> 0.57203803 | G2: =CORREL(Daily_Returns!G3:G1492,Daily_Returns!B3:B1492) -> 0.60099562 | H2: =CORREL(Daily_Returns!H3:H1492,Daily_Returns!B3:B1492) -> 0.68718192
A3: =C1 -> Reliance | B3: =CORREL(Daily_Returns!B3:B1492,Daily_Returns!C3:C1492) -> 0.71302387 | C3: =CORREL(Daily_Returns!C3:C1492,Daily_Returns!C3:C1492) -> 1 | D3: =CORREL(Daily_Returns!D3:D1492,Daily_Returns!C3:C1492) -> 0.43998689 | E3: =CORREL(Daily_Returns!E3:E1492,Daily_Returns!C3:C1492) -> 0.2965797 | F3: =CORREL(Daily_Returns!F3:F1492,Daily_Returns!C3:C1492) -> 0.3765808 | G3: =CORREL(Daily_Returns!G3:G1492,Daily_Returns!C3:C1492) -> 0.34403319 | H3: =CORREL(Daily_Returns!H3:H1492,Daily_Returns!C3:C1492) -> 0.41424556
A4: =D1 -> HDFC Bank | B4: =CORREL(Daily_Returns!B3:B1492,Daily_Returns!D3:D1492) -> 0.75515294 | C4: =CORREL(Daily_Returns!C3:C1492,Daily_Returns!D3:D1492) -> 0.43998689 | D4: =CORREL(Daily_Returns!D3:D1492,Daily_Returns!D3:D1492) -> 1 | E4: =CORREL(Daily_Returns!E3:E1492,Daily_Returns!D3:D1492) -> 0.28203857 | F4: =CORREL(Daily_Returns!F3:F1492,Daily_Returns!D3:D1492) -> 0.2971071 | G4: =CORREL(Daily_Returns!G3:G1492,Daily_Returns!D3:D1492) -> 0.34269486 | H4: =CORREL(Daily_Returns!H3:H1492,Daily_Returns!D3:D1492) -> 0.48699536
A5: =E1 -> ITC | B5: =CORREL(Daily_Returns!B3:B1492,Daily_Returns!E3:E1492) -> 0.47967323 | C5: =CORREL(Daily_Returns!C3:C1492,Daily_Returns!E3:E1492) -> 0.2965797 | D5: =CORREL(Daily_Returns!D3:D1492,Daily_Returns!E3:E1492) -> 0.28203857 | E5: =CORREL(Daily_Returns!E3:E1492,Daily_Returns!E3:E1492) -> 1 | F5: =CORREL(Daily_Returns!F3:F1492,Daily_Returns!E3:E1492) -> 0.23039933 | G5: =CORREL(Daily_Returns!G3:G1492,Daily_Returns!E3:E1492) -> 0.23430709 | H5: =CORREL(Daily_Returns!H3:H1492,Daily_Returns!E3:E1492) -> 0.33432679
A6: =F1 -> TCS | B6: =CORREL(Daily_Returns!B3:B1492,Daily_Returns!F3:F1492) -> 0.57203803 | C6: =CORREL(Daily_Returns!C3:C1492,Daily_Returns!F3:F1492) -> 0.3765808 | D6: =CORREL(Daily_Returns!D3:D1492,Daily_Returns!F3:F1492) -> 0.2971071 | E6: =CORREL(Daily_Returns!E3:E1492,Daily_Returns!F3:F1492) -> 0.23039933 | F6: =CORREL(Daily_Returns!F3:F1492,Daily_Returns!F3:F1492) -> 1 | G6: =CORREL(Daily_Returns!G3:G1492,Daily_Returns!F3:F1492) -> 0.70957877 | H6: =CORREL(Daily_Returns!H3:H1492,Daily_Returns!F3:F1492) -> 0.31595802
A7: =G1 -> Infosys | B7: =CORREL(Daily_Returns!B3:B1492,Daily_Returns!G3:G1492) -> 0.60099562 | C7: =CORREL(Daily_Returns!C3:C1492,Daily_Returns!G3:G1492) -> 0.34403319 | D7: =CORREL(Daily_Returns!D3:D1492,Daily_Returns!G3:G1492) -> 0.34269486 | E7: =CORREL(Daily_Returns!E3:E1492,Daily_Returns!G3:G1492) -> 0.23430709 | F7: =CORREL(Daily_Returns!F3:F1492,Daily_Returns!G3:G1492) -> 0.70957877 | G7: =CORREL(Daily_Returns!G3:G1492,Daily_Returns!G3:G1492) -> 1 | H7: =CORREL(Daily_Returns!H3:H1492,Daily_Returns!G3:G1492) -> 0.34605456
A8: =H1 -> L&T | B8: =CORREL(Daily_Returns!B3:B1492,Daily_Returns!H3:H1492) -> 0.68718192 | C8: =CORREL(Daily_Returns!C3:C1492,Daily_Returns!H3:H1492) -> 0.41424556 | D8: =CORREL(Daily_Returns!D3:D1492,Daily_Returns!H3:H1492) -> 0.48699536 | E8: =CORREL(Daily_Returns!E3:E1492,Daily_Returns!H3:H1492) -> 0.33432679 | F8: =CORREL(Daily_Returns!F3:F1492,Daily_Returns!H3:H1492) -> 0.31595802 | G8: =CORREL(Daily_Returns!G3:G1492,Daily_Returns!H3:H1492) -> 0.34605456 | H8: =CORREL(Daily_Returns!H3:H1492,Daily_Returns!H3:H1492) -> 1
A10: Conditional formatting was applied to the correlation matrix to visually highlight
A11: relationships between stocks.
A13: Lower correlations were represented in green, indicating better diversification,
A14: while higher correlations were highlighted in red.
A16: The relatively high correlation between individual stocks and the NIFTY 50 is expected,
A17: as the index represents overall market movements. This reinforces its suitability as a
A18: benchmark rather than a diversification asset within the portfolio.

Sheet Portfolio
A1: Stock | B1: Weight | C1: Daily Avg Return | D1: Weighted Return
A2: =Risk_Return!A3 -> Reliance | B2: 0.2 | C2: =Risk_Return!B3 -> 0.00072065464 | D2: =B2*C2 -> 0.00014413093
A3: =Risk_Return!A4 -> HDFC Bank | B3: 0.15 | C3: =Risk_Return!B4 -> 0.00042731613 | D3: =B3*C3 -> 6.4097419e-05
A4: =Risk_Return!A5 -> ITC | B4: 0.15 | C4: =Risk_Return!B5 -> 0.00048182109 | D4: =B4*C4 -> 7.2273163e-05
A5: =Risk_Return!A6 -> TCS | B5: 0.15 | C5: =Risk_Return!B6 -> 0.0003747862 | D5: =B5*C5 -> 5.621793e-05
A6: =Risk_Return!A7 -> Infosys | B6: 0.15 | C6: =Risk_Return!B7 -> 0.00067647725 | D6: =B6*C6 -> 0.00010147159
A7: =Risk_Return!A8 -> L&T | B7: 0.2 | C7: =Risk_Return!B8 -> 0.00091541487 | D7: =B7*C7 -> 0.00018308297
D8: =SUM(D2:D7) -> 0.000621274
B10: Total Portfolio Return | D10: =D8*252 -> 0.15656105
B11: NIFTY 50 Return | D11: =Risk_Return!C2 -> 0.14558917
A13: The portfolio outperformed the benchmark by approximately 1.1%,
A14: reflecting effective stock selection and weight allocation.

Sheet Covariance
A1: Stocks | B1: Reliance | C1: HDFC Bank | D1: ITC | E1: TCS | F1: Infosys | G1: L&T | I1: Weight
A2: =Risk_Return!A3 -> Reliance | B2: =_xlfn.COVARIANCE.S(Daily_Returns!C3:C1492,Daily_Returns!C3:C1492) -> 0.00031628958 | C2: =_xlfn.COVARIANCE.S(Daily_Returns!D3:D1492,Daily_Returns!C3:C1492) -> 0.00012661998 | D2: =_xlfn.COVARIANCE.S(Daily_Returns!E3:E1492,Daily_Returns!C3:C1492) -> 8.4445708e-05 | E2: =_xlfn.COVARIANCE.S(Daily_Returns!F3:F1492,Daily_Returns!C3:C1492) -> 0.00010030106 | F2: =_xlfn.COVARIANCE.S(Daily_Returns!G3:G1492,Daily_Returns!C3:C1492) -> 0.00010588038 | G2: =_xlfn.COVARIANCE.S(Daily_Returns!H3:H1492,Daily_Returns!C3:C1492) -> 0.00012800034 | I2: 0.2
A3: =Risk_Return!A4 -> HDFC Bank | B3: =_xlfn.COVARIANCE.S(Daily_Returns!C3:C1492,Daily_Returns!D3:D1492) -> 0.00012661998 | C3: =_xlfn.COVARIANCE.S(Daily_Returns!D3:D1492,Daily_Returns!D3:D1492) -> 0.00026184251 | D3: =_xlfn.COVARIANCE.S(Daily_Returns!E3:E1492,Daily_Returns!D3:D1492) -> 7.306717e-05 | E3: =_xlfn.COVARIANCE.S(Daily_Returns!F3:F1492,Daily_Returns!D3:D1492) -> 7.2000916e-05 | F3: =_xlfn.COVARIANCE.S(Daily_Returns!G3:G1492,Daily_Returns!D3:D1492) -> 9.596224e-05 | G3: =_xlfn.COVARIANCE.S(Daily_Returns!H3:H1492,Daily_Returns!D3:D1492) -> 0.00013691648 | I3: 0.15
A4: =Risk_Return!A5 -> ITC | B4: =_xlfn.COVARIANCE.S(Daily_Returns!C3:C1492,Daily_Returns!E3:E1492) -> 8.4445708e-05 | C4: =_xlfn.COVARIANCE.S(Daily_Returns!D3:D1492,Daily_Returns!E3:E1492) -> 7.306717e-05 | D4: =_xlfn.COVARIANCE.S(Daily_Returns!E3:E1492,Daily_Returns!E3:E1492) -> 0.00025632291 | E4: =_xlfn.COVARIANCE.S(Daily_Returns!F3:F1492,Daily_Returns!E3:E1492) -> 5.5243329e-05 | F4: =_xlfn.COVARIANCE.S(Daily_Returns!G3:G1492,Daily_Returns!E3:E1492) -> 6.4916015e-05 | G4: =_xlfn.COVARIANCE.S(Daily_Returns!H3:H1492,Daily_Returns!E3:E1492) -> 9.2998451e-05 | I4: 0.15
A5: =Risk_Return!A6 -> TCS | B5: =_xlfn.COVARIANCE.S(Daily_Returns!C3:C1492,Daily_Returns!F3:F1492) -> 0.00010030106 | C5: =_xlfn.COVARIANCE.S(Daily_Returns!D3:D1492,Daily_Returns!F3:F1492) -> 7.2000916e-05 | D5: =_xlfn.COVARIANCE.S(Daily_Returns!E3:E1492,Daily_Returns!F3:F1492) -> 5.5243329e-05 | E5: =_xlfn.COVARIANCE.S(Daily_Returns!F3:F1492,Daily_Returns!F3:F1492) -> 0.00022428996 | F5: =_xlfn.COVARIANCE.S(Daily_Returns!G3:G1492,Daily_Returns!F3:F1492) -> 0.00018389852 | G5: =_xlfn.COVARIANCE.S(Daily_Returns!H3:H1492,Daily_Returns!F3:F1492) -> 8.2213876e-05 | I5: 0.15
A6: =Risk_Return!A7 -> Infosys | B6: =_xlfn.COVARIANCE.S(Daily_Returns!C3:C1492,Daily_Returns!G3:G1492) -> 0.00010588038 | C6: =_xlfn.COVARIANCE.S(Daily_Returns!D3:D1492,Daily_Returns!G3:G1492) -> 9.596224e-05 | D6: =_xlfn.COVARIANCE.S(Daily_Returns!E3:E1492,Daily_Returns!G3:G1492) -> 6.4916015e-05 | E6: =_xlfn.COVARIANCE.S(Daily_Returns!F3:F1492,Daily_Returns!G3:G1492) -> 0.00018389852 | F6: =_xlfn.COVARIANCE.S(Daily_Returns!G3:G1492,Daily_Returns!G3:G1492) -> 0.00029946456 | G6: =_xlfn.COVARIANCE.S(Daily_Returns!H3:H1492,Daily_Returns!G3:G1492) -> 0.00010404665 | I6: 0.15
A7: =Risk_Return!A8 -> L&T | B7: =_xlfn.COVARIANCE.S(Daily_Returns!C3:C1492,Daily_Returns!H3:H1492) -> 0.00012800034 | C7: =_xlfn.COVARIANCE.S(Daily_Returns!D3:D1492,Daily_Returns!H3:H1492) -> 0.00013691648 | D7: =_xlfn.COVARIANCE.S(Daily_Returns!E3:E1492,Daily_Returns!H3:H1492) -> 9.2998451e-05 | E7: =_xlfn.COVARIANCE.S(Daily_Returns!F3:F1492,Daily_Returns!H3:H1492) -> 8.2213876e-05 | F7: =_xlfn.COVARIANCE.S(Daily_Returns!G3:G1492,Daily_Returns!H3:H1492) -> 0.00010404665 | G7: =_xlfn.COVARIANCE.S(Daily_Returns!H3:H1492,Daily_Returns!H3:H1492) -> 0.00030187118 | I7: 0.2
A9: Portfolio Variance | C9: {=MMULT(TRANSPOSE(I2:I7), MMULT(Covariance!B2:G7, I2:I7))} -> 0.00013294398
A10: Daily Portfolio Risk | C10: =SQRT(C9) -> 0.011530134
A12: Portfolio ANNUAL RISK | C12: =C10*SQRT(252) -> 0.1830352
A13: NIFTY 50 Annual Risk | C13: =Risk_Return!E2 -> 0.18071379
A14: Other Stocks Average Risk | C14: =AVERAGE(Risk_Return!E3:E8) -> 0.2636014
A16: Portfolio risk was calculated using the covariance matrix and weight vector, accounting
A17: for inter-asset relationships.
A19: Diversification helped reduce portfolio volatility significantly compared to individual stocks.

Sheet Sharpe_Ratio
A2: Risk-Free Rate | C2: 0.07
A4: Portfolio Sharpe Ratio | C4: =(Portfolio!D10-Sharpe_Ratio!C2)/Covariance!C12 -> 0.47292024
A5: NIFTY 50 Sharpe Ratio | C5: =(Portfolio!D11-Sharpe_Ratio!C2)/Covariance!C13 -> 0.41828116
A8: A risk-adjusted performance evaluation was conducted using the Sharpe Ratio.
A9: Assuming a risk-free rate of 7%, the constructed portfolio achieved a Sharpe Ratio
A10: of 0.47, which was higher than the NIFTY 50 Sharpe Ratio of 0.42.
A12: This indicates that the portfolio delivered superior risk-adjusted returns
A13: compared to the benchmark index.

Sheet Conclusion
A2: This project analyzed the risk and return characteristics of selected Indian equities using historical daily
A3: price data. Individual stock analysis showed that stocks such as L&T and Reliance delivered higher
A4: returns but with higher volatility, while TCS exhibited relatively lower volatility among individual stocks.
A5: The NIFTY 50 demonstrated lower overall risk and moderate returns, serving as an appropriate benchmark.
A7: Correlation analysis indicated moderate to high correlation between individual stocks and the NIFTY 50,
A8: reflecting overall market movements, while lower inter-stock correlations supported diversification benefits.
A9: A diversified portfolio was constructed using selected stocks, resulting in an annual portfolio return of
A10: 15.66%, which outperformed the NIFTY 50 return of 14.56%.
A12: Portfolio risk, calculated using the covariance matrix, was approximately 18.3%, which was significantly
A13: lower than the risk of most individual stocks. Risk-adjusted performance evaluation using the Sharpe Ratio
A14: showed that the portfolio 0.47 outperformed the benchmark 0.42, indicating superior risk-adjusted returns.
A16: Overall, the analysis demonstrates that diversification and appropriate weight allocation can improve
A17: portfolio performance while controlling risk, validating key principles of modern portfolio theory.

Sheet Master_Table
A1: Date | B1: Nifty 50 | C1: Reliance | D1: HDFC Bank | E1: ITC | F1: TCS | G1: Infosys | H1: L&T
A2: 43831 | B2: =_xlfn.XLOOKUP($A2, 'Nifty 50'!A:A, 'Nifty 50'!B:B, "") -> 12182.5 | C2: =_xlfn.XLOOKUP($A2, Reliance!A:A, Reliance!B:B, "") -> 678.82 | D2: =_xlfn.XLOOKUP($A2, HDFC!A:A, HDFC!B:B, "") -> 637.71 | E2: =_xlfn.XLOOKUP($A2, ITC!A:A, ITC!B:B, "") -> 238.1 | F2: =_xlfn.XLOOKUP($A2, TCS!A:A, TCS!B:B, "") -> 2167.6 | G2: =_xlfn.XLOOKUP($A2, Infosys!A:A, Infosys!B:B,"") -> 736.85 | H2: =_xlfn.XLOOKUP($A2, 'L & T'!A:A, 'L & T'!B:B, "") -> 1309.95
A3: 43832 | B3: =_xlfn.XLOOKUP($A3, 'Nifty 50'!A:A, 'Nifty 50'!B:B, "") -> 12282.2 | C3: =_xlfn.XLOOKUP($A3, Reliance!A:A, Reliance!B:B, "") -> 690.37 | D3: =_xlfn.XLOOKUP($A3, HDFC!A:A, HDFC!B:B, "") -> 641.78 | E3: =_xlfn.XLOOKUP($A3, ITC!A:A, ITC!B:B, "") -> 239.85 | F3: =_xlfn.XLOOKUP($A3, TCS!A:A, TCS!B:B, "") -> 2157.65 | G3: =_xlfn.XLOOKUP($A3, Infosys!A:A, Infosys!B:B,"") -> 734.7 | H3: =_xlfn.XLOOKUP($A3, 'L & T'!A:A, 'L & T'!B:B, "") -> 1345.3
A4: 43833 | B4: =_xlfn.XLOOKUP($A4, 'Nifty 50'!A:A, 'Nifty 50'!B:B, "") -> 12226.65 | C4: =_xlfn.XLOOKUP($A4, Reliance!A:A, Reliance!B:B, "") -> 691.21 | D4: =_xlfn.XLOOKUP($A4, HDFC!A:A, HDFC!B:B, "") -> 632.63 | E4: =_xlfn.XLOOKUP($A4, ITC!A:A, ITC!B:B, "") -> 238.5 | F4: =_xlfn.XLOOKUP($A4, TCS!A:A, TCS!B:B, "") -> 2200.65 | G4: =_xlfn.XLOOKUP($A4, Infosys!A:A, Infosys!B:B,"") -> 746 | H4: =_xlfn.XLOOKUP($A4, 'L & T'!A:A, 'L & T'!B:B, "") -> 1335.05
A5: 43836 | B5: =_xlfn.XLOOKUP($A5, 'Nifty 50'!A:A, 'Nifty 50'!B:B, "") -> 11993.05 | C5: =_xlfn.XLOOKUP($A5, Reliance!A:A, Reliance!B:B, "") -> 675.18 | D5: =_xlfn.XLOOKUP($A5, HDFC!A:A, HDFC!B:B, "") -> 618.93 | E5: =_xlfn.XLOOKUP($A5, ITC!A:A, ITC!B:B, "") -> 235.1 | F5: =_xlfn.XLOOKUP($A5, TCS!A:A, TCS!B:B, "") -> 2200.45 | G5: =_xlfn.XLOOKUP($A5, Infosys!A:A, Infosys!B:B,"") -> 738.85 | H5: =_xlfn.XLOOKUP($A5, 'L & T'!A:A, 'L & T'!B:B, "") -> 1316.75
A6: 43837 | B6: =_xlfn.XLOOKUP($A6, 'Nifty 50'!A:A, 'Nifty 50'!B:B, "") -> 12052.95 | C6: =_xlfn.XLOOKUP($A6, Reliance!A:A, Reliance!B:B, "") -> 685.56 | D6: =_xlfn.XLOOKUP($A6, HDFC!A:A, HDFC!B:B, "") -> 628.74 | E6: =_xlfn.XLOOKUP($A6, ITC!A:A, ITC!B:B, "") -> 235.35 | F6: =_xlfn.XLOOKUP($A6, TCS!A:A, TCS!B:B, "") -> 2205.85 | G6: =_xlfn.XLOOKUP($A6, Infosys!A:A, Infosys!B:B,"") -> 727.9 | H6: =_xlfn.XLOOKUP($A6, 'L & T'!A:A, 'L & T'!B:B, "") -> 1320.5
A7: 43838 | B7: =_xlfn.XLOOKUP($A7, 'Nifty 50'!A:A, 'Nifty 50'!B:B, "") -> 12025.35 | C7: =_xlfn.XLOOKUP($A7, Reliance!A:A, Reliance!B:B, "") -> 680.41 | D7: =_xlfn.XLOOKUP($A7, HDFC!A:A, HDFC!B:B, "") -> 627.09 | E7: =_xlfn.XLOOKUP($A7, ITC!A:A, ITC!B:B, "") -> 234.2 | F7: =_xlfn.XLOOKUP($A7, TCS!A:A, TCS!B:B, "") -> 2255.25 | G7: =_xlfn.XLOOKUP($A7, Infosys!A:A, Infosys!B:B,"") -> 718.2 | H7: =_xlfn.XLOOKUP($A7, 'L & T'!A:A, 'L & T'!B:B, "") -> 1291.55
A8: 43839 | B8: =_xlfn.XLOOKUP($A8, 'Nifty 50'!A:A, 'Nifty 50'!B:B, "") -> 12215.9 | C8: =_xlfn.XLOOKUP($A8, Reliance!A:A, Reliance!B:B, "") -> 696.08 | D8: =_xlfn.XLOOKUP($A8, HDFC!A:A, HDFC!B:B, "") -> 634.12 | E8: =_xlfn.XLOOKUP($A8, ITC!A:A, ITC!B:B, "") -> 235.8 | F8: =_xlfn.XLOOKUP($A8, TCS!A:A, TCS!B:B, "") -> 2214.35 | G8: =_xlfn.XLOOKUP($A8, Infosys!A:A, Infosys!B:B,"") -> 727.55 | H8: =_xlfn.XLOOKUP($A8, 'L & T'!A:A, 'L & T'!B:B, "") -> 1316.15
A9: 43840 | B9: =_xlfn.XLOOKUP($A9, 'Nifty 50'!A:A, 'Nifty 50'!B:B, "") -> 12256.8 | C9: =_xlfn.XLOOKUP($A9, Reliance!A:A, Reliance!B:B, "") -> 695.93 | D9: =_xlfn.XLOOKUP($A9, HDFC!A:A, HDFC!B:B, "") -> 639.76 | E9: =_xlfn.XLOOKUP($A9, ITC!A:A, ITC!B:B, "") -> 238 | F9: =_xlfn.XLOOKUP($A9, TCS!A:A, TCS!B:B, "") -> 2213.55 | G9: =_xlfn.XLOOKUP($A9, Infosys!A:A, Infosys!B:B,"") -> 738.15 | H9: =_xlfn.XLOOKUP($A9, 'L & T'!A:A, 'L & T'!B:B, "") -> 1324.6
A10: 43843 | B10: =_xlfn.XLOOKUP($A10, 'Nifty 50'!A:A, 'Nifty 50'!B:B, "") -> 12329.55 | C10: =_xlfn.XLOOKUP($A10, Reliance!A:A, Reliance!B:B, "") -> 694.15 | D10: =_xlfn.XLOOKUP($A10, HDFC!A:A, HDFC!B:B, "") -> 641.4 | E10: =_xlfn.XLOOKUP($A10, ITC!A:A, ITC!B:B, "") -> 239.25 | F10: =_xlfn.XLOOKUP($A10, TCS!A:A, TCS!B:B, "") -> 2190.35 | G10: =_xlfn.XLOOKUP($A10, Infosys!A:A, Infosys!B:B,"") -> 773.55 | H10: =_xlfn.XLOOKUP($A10, 'L & T'!A:A, 'L & T'!B:B, "") -> 1334.7
A11: 43844 | B11: =_xlfn.XLOOKUP($A11, 'Nifty 50'!A:A, 'Nifty 50'!B:B, "") -> 12362.3 | C11: =_xlfn.XLOOKUP($A11, Reliance!A:A, Reliance!B:B, "") -> 687.72 | D11: =_xlfn.XLOOKUP($A11, HDFC!A:A, HDFC!B:B, "") -> 643.15 | E11: =_xlfn.XLOOKUP($A11, ITC!A:A, ITC!B:B, "") -> 243.25 | F11: =_xlfn.XLOOKUP($A11, TCS!A:A, TCS!B:B, "") -> 2206.9 | G11: =_xlfn.XLOOKUP($A11, Infosys!A:A, Infosys!B:B,"") -> 775.65 | H11: =_xlfn.XLOOKUP($A11, 'L & T'!A:A, 'L & T'!B:B, "") -> 1326.1
A12: 43845 | B12: =_xlfn.XLOOKUP($A12, 'Nifty 50'!A:A, 'Nifty 50'!B:B, "") -> 12343.3 | C12: =_xlfn.XLOOKUP($A12, Reliance!A:A, Reliance!B:B, "") -> 685.23 | D12: =_xlfn.XLOOKUP($A12, HDFC!A:A, HDFC!B:B, "") -> 640.53 | E12: =_xlfn.XLOOKUP($A12, ITC!A:A, ITC!B:B, "") -> 242.4 | F12: =_xlfn.XLOOKUP($A12, TCS!A:A, TCS!B:B, "") -> 2226.9 | G12: =_xlfn.XLOOKUP($A12, Infosys!A:A, Infosys!B:B,"") -> 767.55 | H12: =_xlfn.XLOOKUP($A12, 'L & T'!A:A, 'L & T'!B:B, "") -> 1323.6
A13: 43846 | B13: =_xlfn.XLOOKUP($A13, 'Nifty 50'!A:A, 'Nifty 50'!B:B, "") -> 12355.5 | C13: =_xlfn.XLOOKUP($A13, Reliance!A:A, Reliance!B:B, "") -> 691.54 | D13: =_xlfn.XLOOKUP($A13, HDFC!A:A, HDFC!B:B, "") -> 642.23 | E13: =_xlfn.XLOOKUP($A13, ITC!A:A, ITC!B:B, "") -> 240.75 | F13: =_xlfn.XLOOKUP($A13, TCS!A:A, TCS!B:B, "") -> 2238.8 | G13: =_xlfn.XLOOKUP($A13, Infosys!A:A, Infosys!B:B,"") -> 767 | H13: =_xlfn.XLOOKUP($A13, 'L & T'!A:A, 'L & T'!B:B, "") -> 1319.3
... A1492: 46022 | B1492: =_xlfn.XLOOKUP($A1492, 'Nifty 50'!A:A, 'Nifty 50'!B:B, "") -> 26129.6 | C1492: =_xlfn.XLOOKUP($A1492, Reliance!A:A, Reliance!B:B, "") -> 1570.4 | D1492: =_xlfn.XLOOKUP($A1492, HDFC!A:A, HDFC!B:B, "") -> 991.2 | E1492: =_xlfn.XLOOKUP($A1492, ITC!A:A, ITC!B:B, "") -> 403 | F1492: =_xlfn.XLOOKUP($A1492, TCS!A:A, TCS!B:B, "") -> 3206.2 | G1492: =_xlfn.XLOOKUP($A1492, Infosys!A:A, Infosys!B:B,"") -> 1615.4 | H1492: =_xlfn.XLOOKUP($A1492, 'L & T'!A:A, 'L & T'!B:B, "") -> 4083.5

Sheet Nifty 50
A1: Date | B1: Price
A2: 43831 | B2: 12182.5
A3: 43832 | B3: 12282.2
A4: 43833 | B4: 12226.65
A5: 43836 | B5: 11993.05
A6: 43837 | B6: 12052.95
A7: 43838 | B7: 12025.35
A8: 43839 | B8: 12215.9
A9: 43840 | B9: 12256.8
A10: 43843 | B10: 12329.55
A11: 43844 | B11: 12362.3
A12: 43845 | B12: 12343.3
A13: 43846 | B13: 12355.5
... A1493: 46022 | B1493: 26129.6

Sheet Reliance
A1: Date | B1: Price
A2: 43831 | B2: 678.82
A3: 43832 | B3: 690.37
A4: 43833 | B4: 691.21
A5: 43836 | B5: 675.18
A6: 43837 | B6: 685.56
A7: 43838 | B7: 680.41
A8: 43839 | B8: 696.08
A9: 43840 | B9: 695.93
A10: 43843 | B10: 694.15
A11: 43844 | B11: 687.72
A12: 43845 | B12: 685.23
A13: 43846 | B13: 691.54
... A1493: 46022 | B1493: 1570.4

Sheet HDFC
A1: Date | B1: Price
A2: 43831 | B2: 637.71
A3: 43832 | B3: 641.78
A4: 43833 | B4: 632.63
A5: 43836 | B5: 618.93
A6: 43837 | B6: 628.74
A7: 43838 | B7: 627.09
A8: 43839 | B8: 634.12
A9: 43840 | B9: 639.76
A10: 43843 | B10: 641.4
A11: 43844 | B11: 643.15
A12: 43845 | B12: 640.53
A13: 43846 | B13: 642.23
... A1493: 46022 | B1493: 991.2

Sheet ITC
A1: Date | B1: Price
A2: 43831 | B2: 238.1
A3: 43832 | B3: 239.85
A4: 43833 | B4: 238.5
A5: 43836 | B5: 235.1
A6: 43837 | B6: 235.35
A7: 43838 | B7: 234.2
A8: 43839 | B8: 235.8
A9: 43840 | B9: 238
A10: 43843 | B10: 239.25
A11: 43844 | B11: 243.25
A12: 43845 | B12: 242.4
A13: 43846 | B13: 240.75
... A1493: 46022 | B1493: 403

Sheet TCS
A1: Date | B1: Price
A2: 43831 | B2: 2167.6
A3: 43832 | B3: 2157.65
A4: 43833 | B4: 2200.65
A5: 43836 | B5: 2200.45
A6: 43837 | B6: 2205.85
A7: 43838 | B7: 2255.25
A8: 43839 | B8: 2214.35
A9: 43840 | B9: 2213.55
A10: 43843 | B10: 2190.35
A11: 43844 | B11: 2206.9
A12: 43845 | B12: 2226.9
A13: 43846 | B13: 2238.8
... A1492: 46022 | B1492: 3206.2

Sheet Infosys
A1: Date | B1: Price
A2: 43831 | B2: 736.85
A3: 43832 | B3: 734.7
A4: 43833 | B4: 746
A5: 43836 | B5: 738.85
A6: 43837 | B6: 727.9
A7: 43838 | B7: 718.2
A8: 43839 | B8: 727.55
A9: 43840 | B9: 738.15
A10: 43843 | B10: 773.55
A11: 43844 | B11: 775.65
A12: 43845 | B12: 767.55
A13: 43846 | B13: 767
... A1492: 46022 | B1492: 1615.4

Sheet L & T
A1: Date | B1: Price
A2: 43831 | B2: 1309.95
A3: 43832 | B3: 1345.3
A4: 43833 | B4: 1335.05
A5: 43836 | B5: 1316.75
A6: 43837 | B6: 1320.5
A7: 43838 | B7: 1291.55
A8: 43839 | B8: 1316.15
A9: 43840 | B9: 1324.6
A10: 43843 | B10: 1334.7
A11: 43844 | B11: 1326.1
A12: 43845 | B12: 1323.6
A13: 43846 | B13: 1319.3
... A1492: 46022 | B1492: 4083.5
